Total_Sales,Total_Profit,Total_Quantity
13283.320999999996,2334.2755000000006,283
